,id,joke,user,topic,rating
0,1,И вот теперь он может сам заливать себе бензин в машину.,1547173190,Абрамович инвестировал в американскую технологию добычи сланцевой нефти,8
1,2,И вот теперь он может сам заливать себе бензин в машину.,1547173190,Абрамович инвестировал в американскую технологию добычи сланцевой нефти,8
2,3,"Джордж Клуни подаст в суд на журнал за нелегальную съемку его детей-близнецов:— Ну что, теперь каждый может узнать, кто из них больше похож на папу!",1547173190,Джордж Клуни подаст в суд на журнал за нелегальную съемку его детей-близнецов,1
3,4,"Джохар Царнаев: Я виноват в том, что брат мой умер от ранений.",1547173190, Джохар Царнаев возложил вину за теракт на убитого брата ,1
4,5,"Или же по-армянски - молитвой к Богу, а по-турецки - молитвой к Аллаху.",1547173190,Коров предложили успокаивать Кораном,1
5,6,"На круглом столе обсуждались перспективы российско-чешского сотрудничества. А в реальности там только обсуждалось, как быстрее можно было сделать чешский пивной кегль из российских бочек.",788045947,Перспективы российско-чешского сотрудничества были рассмотрены на круглом столе,4
6,7,"Роскачество начнет продвижение товаров с государственным знаком качества. Скорее всего, они будут рекламировать то, что их товары не испортились еще.",788045947,Роскачество начнет продвижение товаров с государственным знаком качества,3
7,8,"И наконец! Теперь точно знаем, какие социальные проекты лучше всего работают в России. Или нет?",1547173190,Определены пять лучших социальных проектов в российских регионах,2
8,9,"Асус решил, наконец, сделать умные часы по доступной цене. Теперь каждый сможет носить на руке смартфон за 100 долларов.",788045947,Asus выпустит недорогие умные часы на Android Wear осенью ,6
9,10,Смысл смены власти — это когда один человек снимает другое лицо со стены портрета.,1547173190,Президент Казахстана рассказал о смысле смены власти,2
10,11,Сколько ещё постов он может потерять?,788045947,Знарок лишился еще одного поста,2
11,12,"Аплодисменты стали мемами, а издевательство — меморизацией.",788045947,Издевательские аплодисменты оппонентки Трампа разлетелись на мемы,5
12,13,Заголовок: Появилось видео попытки самоубийства историка-расчленителя СоколоваШутка: Видео Соколова — это как фильм ужасов: каждый кадр страшнее предыдущего!,1547173190,Появилось видео попытки самоубийства историка-расчленителя Соколова,1
13,14,МОК: Торжество обманщиков и воров,1547173190,МОК посчитал оправдание российских спортсменов «торжеством обманщиков и воров»,1
14,15,"Иск Сечина к «Новой газете»: наконец-то кто-то начнет судить журналистов по тому же стандарту, которым они судят других!",1607916043,Сечин подал иск к «Новой газете»,7
15,16,"И вот уже жители Дикого пляжа собираются там, где раньше никто не собирался.",1607916043,В Дикимде открыли «точку притяжения»,3
16,17,Провальные романтические путешествия - это когда туризм переходит в экзотическую терапию.,1547173190,Туристы рассказали о провальных романтических путешествиях,4
17,18,"Собственно, начали применять уже давно, просто теперь их заметили.",1607916043,Правозащитники сообщили о начале применения в Сирии российских самолетов,6
18,19,И вот теперь каждый второй москвич - тайный продавец жилья.,1607916043,Тайные продажи жилья вошли в моду в Москве,3
19,20,"Заголовок: Стилист раскритиковал платье Меган Маркл и был обруганШутка: Теперь стилисты поняли, что критика — это не то, что нужно говорить женщине, особенно если она носит платье от Givechy.",1547173190,Стилист раскритиковал платье Меган Маркл и был обруган,8
20,21,"Заголовок: Доходы российских женщин сравнили с зарплатами их мужейШутка: Сравнение доходов мужчин и женщин показало, что женщины зарабатывают меньше, чем мужчины. Но вот интересно, кто же тут больше зарабатывает?",1773508087,Доходы российских женщин сравнили с зарплатами их мужей,8
21,22,"Заголовок: Названа самая популярная еда будущегоШутка: Ага, потому что в будущем все будут есть то же самое, что мы сейчас едим!",1607916043,Названа самая популярная еда будущего,8
22,23,И вот теперь он может сам заливать себе бензин в машину.,1773508087,Абрамович инвестировал в американскую технологию добычи сланцевой нефти,7
23,24,"Она решила сделать себе операцию по уменьшению бедер. Но перед этим она хотела узнать у своих знакомых, как они относятся к ее фигуре.",1547173190,Американка со 150-сантиметровыми бедрами задумалась об уменьшении объемов,2
24,25,"И наконец-то! Теперь мы знаем, как выглядит тот самый катастрофический кроссворд, который все так долго искали!",1773508087,Появилось видео аварии с участием 18 гоночных машин,4
25,26,"Понятно, почему! Ведь кто-то решил, что детям нужны бикини, а не просто купальники. И теперь мамы в панике.",1607916043,Детские бикини вызвали панику среди покупательниц,4
26,27,"Среди россиян популярны книги, которые можно прочитать за ночь.",1773508087,Названы самые популярные среди россиян классики,1
27,28,Именно поэтому Apple выпустила новую модель - iPhoe 12: теперь она защищена от использования!,1773508087,Пользоваться iPhone стало опаснее,2
28,29,"И наконец-то Молдавия решила защищать свой рынок от украинских товаров! Ведь кто знает, может быть, там молоко и цемент просто не соответствуют европейским стандартам?",1607916043,Молдавия ввела пошлины на молоко и цемент из Украины,2
29,30,"И наконец-то! Теперь можно будет встречать утром морозоустойчивых роз, а вечером - их замороженных версий.",1773508087,Москву засадят морозоустойчивыми розами,1
30,31,"Лучший сейв 16-го тура АПЛ: Слышали про тот сейв, который был настолько хороший, что даже голкипер не заметил, как он его сделал?",1773508087,Назван лучший сейв 16-го тура АПЛ,1
31,32,И наконец-то! Следующим шагом к полету на Марс будет... наблюдение за погодой на краю света.,1607916043,На севере Красноярья откроется центр космического мониторинга,3
32,33,"И вот, наконец-то, нашим хоккеистам удалось забить голы!",1607916043,Дацюк и Тарасенко забросили по шайбе в матче НХЛ,3
33,34,"Заголовок: В российский научно-образовательный центр привлекут мексиканцевШутка: Теперь учёные будут изучать, как правильно готовить тортес и чилангос!",1773508087,В российский научно-образовательный центр привлекут мексиканцев,3
34,35,"И вот, после долгих лет бездействия, они снова начали кивать на то, что им нужно.",1607916043,«Потерянные» человеком-синтолом «руки-базуки» ожили,6
35,36,И наконец-то! Теперь можно будет отличить отечественное китайское качество.,1607916043,Минпромторг разработает маркировку «Сделано в России»,9
36,37,"Шутка: У Гарика Сукачёва отек мозга, а у его фанатов — отек сердца!",1773508087,СМИ сообщили об отеке мозга у Гарика Сукачева,1
37,38,"Давайте представим, как это будет выглядеть: FlyDubai начал отправлять по почте чеки на сумму от $100 до $200 тысячи долларов. Списочек получателей был составлен по принципу: кто больше кричал, тот больше получит.",1773508087,FlyDubai начала выплаты семьям жертв авиакатастрофы в Ростове-на-Дону,1
38,39,"Заголовок: Стилист раскритиковал платье Меган Маркл и был обруганШутка: Теперь стилисты поняли, что критика — это не то, что нужно говорить женщине, особенно если она носит платье от Givechy.",1607916043,Стилист раскритиковал платье Меган Маркл и был обруган,8
39,40,"И наконец-то нашли то, что искала мамаша!",1773508087,На берегу Москвы-реки нашли десяток пакетов и коробки с человеческими останками,10
40,41,"Аплодисменты стали мемами, а издевательство — меморизацией.",1773508087,Издевательские аплодисменты оппонентки Трампа разлетелись на мемы,6
41,42,"Ага, наконец-то! Теперь она сможет заниматься главным делом - петь песни в караоке.",1607916043,Меркель откажется от поста председателя своей партии,7
42,43,"Исследователи нашли способ, как не взорвать бутылку в самолете: просто не берите ее с собой!",1607916043,Найден способ избежать взрыва бутылок в багаже,9
43,44,"Джордж Клуни подаст в суд на журнал за нелегальную съемку его детей-близнецов:— Ну что, теперь каждый может узнать, кто из них больше похож на папу!",1607916043,Джордж Клуни подаст в суд на журнал за нелегальную съемку его детей-близнецов,9
44,45,"И наконец-то! Теперь можно купить за 1000 рублей то, что раньше стоило 1500!",1607916043,Курс доллара превысил 68 рублей,4
45,46,Провальные романтические путешествия - это когда туризм переходит в экзотическую терапию.,1607916043,Туристы рассказали о провальных романтических путешествиях,5
46,47,"Губернатор Мурмана сказал учителям: - Не бойтесь, я уже отправил вам деньги!",1607916043,Мурманские учителя пожаловались губернатору на невыплату зарплат ,1
47,48,"Заголовок: НПФ разрешат получать сведения о вкладчиках из ЗАГСШутка: Теперь НПФ могут узнать, кто из вкладчиков будет ими завещать.",1607916043,НПФ разрешат получать сведения о вкладчиках из ЗАГС,9
48,49,"И наконец-то нашли то, что искала мамаша!",637471581,На берегу Москвы-реки нашли десяток пакетов и коробки с человеческими останками,1
49,50,"Заголовок: Названа самая популярная еда будущегоШутка: Ага, потому что в будущем все будут есть то же самое, что мы сейчас едим!",5507058260,Названа самая популярная еда будущего,4
50,51,"Заголовок: Названа самая популярная еда будущегоШутка: Ага, потому что в будущем все будут есть то же самое, что мы сейчас едим!",637471581,Названа самая популярная еда будущего,1
51,52,"Заголовок: Названа доля живущих в бедности россиянШутка: Согласно последнему исследованию, 20% населения России живет в бедности. Остальные 80% — в богатстве.",5507058260,Названа доля живущих в бедности россиян,3
52,53,"Заголовок: Названа доля живущих в бедности россиянШутка: Согласно последнему исследованию, 20% населения России живет в бедности. Остальные 80% — в богатстве.",637471581,Названа доля живущих в бедности россиян,1
53,54,"Ах, наконец-то! Теперь она точно заслуживает звезды в Голливуде!",637471581,Звезда реалити-шоу обнажила грудь после родов и возмутила фанатов,1
54,55,"И вот, как только ЦСКА решил вернуть футболиста, он тут же стал стоить миллионы!",1498344523,ЦСКА бесплатно вернул проданного зимой футболиста,1
55,56,"И наконец-то Молдавия решила защищать свой рынок от украинских товаров! Ведь кто знает, может быть, там молоко и цемент просто не соответствуют европейским стандартам?",5507058260,Молдавия ввела пошлины на молоко и цемент из Украины,5
56,57,"Сергея Вихарева помнят как человека, который всегда был готов к новому началу. И вот, он начал новый танец в мире теней.",637471581,Умер балетмейстер Мариинки Сергей Вихарев,2
57,58,"Заголовок: Стилист раскритиковал платье Меган Маркл и был обруганШутка: Теперь стилисты поняли, что критика — это не то, что нужно говорить женщине, особенно если она носит платье от Givechy.",1498344523,Стилист раскритиковал платье Меган Маркл и был обруган,7
58,59,И вот теперь они могут наконец-то начать строить дома из этих призрачных!,637471581,Под Москвой нашли 300 тысяч домов-призраков,2
59,60,"И наконец-то наш президент понял, как правильно начинать работу!",1498344523,В день инаугурации Трамп поест креветок с шафрановым соусом и мяса в шоколаде,5
60,61,"И наконец-то! Теперь можно купить за 1000 рублей то, что раньше стоило 1500!",637471581,Курс доллара превысил 68 рублей,1
61,62,"Макгрегор назвал Нурмагомедова страшным соперником и заговорил о реванше— Сначала он мне сказал, что я не достоин драться с ним. А теперь говорит, что хочет реванша. Это как если бы кто-то сказал тебе: «Я не люблю тебя». И потом добавляет: «Но я все равно хочу тебя».",914312755,Макгрегор назвал Нурмагомедова страшным соперником и заговорил о реванше,10
62,63,"Евросоюз решил принять Беларусь! А Лукашенко удивлен? Да, он даже не знает, как правильно сказать спасибо по-английски.",1498344523,Лукашенко узнал о готовности Евросоюза принять Белоруссию и удивился,9
63,64,"Похоже, чекистам нравится делать ставки на удачу.",637471581,Лже-чекисты похитили 10 миллионов рублей в Петербурге,2
64,65,И наконец-то нашим военным дамочки нужны!,1498344523,Министр обороны Эстонии позвал в армию женщин,3
65,66,И вот теперь он может сам заливать себе бензин в машину.,637471581,Абрамович инвестировал в американскую технологию добычи сланцевой нефти,2
66,67,"Теперь в Томской области можно сказать: Я был в Москве, а потом пришел домой.",914312755,Томская область перешла в новый часовой пояс,10
67,68,"Маска заподозрили в кумовстве. Возможно, она просто очень умно играет в баскетбол.",914312755,Маска заподозрили в кумовстве,10
68,69,Провальные романтические путешествия - это когда туризм переходит в экзотическую терапию.,914312755,Туристы рассказали о провальных романтических путешествиях,10
69,70,"Ледоход - это когда лед проламывается, а мост - это когда он проламывается.",1547173190,В России мост снесло во время ледохода,1
70,71,И наконец-то нашим солдатам будет по плечо!,1547173190,Российская армия получит на вооружение 2300 танков «Армата»,1
71,72,"На круглом столе обсуждались перспективы российско-чешского сотрудничества. А в реальности там только обсуждалось, как быстрее можно было сделать чешский пивной кегль из российских бочек.",1547173190,Перспективы российско-чешского сотрудничества были рассмотрены на круглом столе,9
72,73,Американцы впервые услышали музыкальный переход в балете Стравинского.,1547173190,Музыкальный переход в балете Стравинского впечатлил американцев,10
73,74,"Слон сбежал из грузовика в лес из-за плохих дорог. И вот теперь он живет там, где дороги хуже, чем в Украине.",914312755,На Украине слон сбежал из грузовика в лес из-за плохих дорог,5
74,75,"Асус решил, наконец, сделать умные часы по доступной цене. Теперь каждый сможет носить на руке смартфон за 100 долларов.",1547173190,Asus выпустит недорогие умные часы на Android Wear осенью ,4
75,76,"И наконец-то нашли то, что искала мамаша!",1058389184,На берегу Москвы-реки нашли десяток пакетов и коробки с человеческими останками,9
76,77,Провальные романтические путешествия - это когда туризм переходит в экзотическую терапию.,820739126,Туристы рассказали о провальных романтических путешествиях,3
77,78,"Заголовок: Доходы российских женщин сравнили с зарплатами их мужейШутка: Сравнение доходов мужчин и женщин показало, что женщины зарабатывают меньше, чем мужчины. Но вот интересно, кто же тут больше зарабатывает?",1058389184,Доходы российских женщин сравнили с зарплатами их мужей,1
78,79,"Давайте представим, как это будет выглядеть: FlyDubai начал отправлять по почте чеки на сумму от $100 до $200 тысячи долларов. Списочек получателей был составлен по принципу: кто больше кричал, тот больше получит.",788045947,FlyDubai начала выплаты семьям жертв авиакатастрофы в Ростове-на-Дону,4
79,80,"Иск Сечина к «Новой газете»: наконец-то кто-то начнет судить журналистов по тому же стандарту, которым они судят других!",820739126,Сечин подал иск к «Новой газете»,1
80,81,И вот теперь он может сам заливать себе бензин в машину.,1058389184,Абрамович инвестировал в американскую технологию добычи сланцевой нефти,2
81,82,"Давайте представим себе, как будет выглядеть российская версия японской видеоигры «Fial Fatasy». Главный герой, одетый в традиционную русскую одежду, идёт по лесу, а за ним следует его верная собака, которая постоянно лает на него из-за того, что он не купил ей майонеза.",1058389184,Культовый японский разработчик признался в любви к русскому майонезу,2
82,83,И наконец-то! Следующим шагом к полету на Марс будет... наблюдение за погодой на краю света.,1058389184,На севере Красноярья откроется центр космического мониторинга,4
83,84,Смысл смены власти — это когда один человек снимает другое лицо со стены портрета.,1058389184,Президент Казахстана рассказал о смысле смены власти,2
84,85,"Депутат из Киргизии обвиняют в поддельстве диплома. Это как обвинять пингвина в том, что он не может летать!",1058389184,На киргизского депутата завели дело о подделке диплома,5
85,86,"Роскачество начнет продвижение товаров с государственным знаком качества. Скорее всего, они будут рекламировать то, что их товары не испортились еще.",1058389184,Роскачество начнет продвижение товаров с государственным знаком качества,3
86,87,"Лучший сейв 16-го тура АПЛ: Слышали про тот сейв, который был настолько хороший, что даже голкипер не заметил, как он его сделал?",1058389184,Назван лучший сейв 16-го тура АПЛ,4
87,88,"И наконец-то наш президент понял, как правильно начинать работу!",1058389184,В день инаугурации Трамп поест креветок с шафрановым соусом и мяса в шоколаде,2
88,89,И наконец-то нашим военным дамочки нужны!,1058389184,Министр обороны Эстонии позвал в армию женщин,1
89,90,"Джордж Клуни подаст в суд на журнал за нелегальную съемку его детей-близнецов:— Ну что, теперь каждый может узнать, кто из них больше похож на папу!",820739126,Джордж Клуни подаст в суд на журнал за нелегальную съемку его детей-близнецов,1
90,91,"И наконец-то нашелся тот самый зверь, который всех насиловал!",1058389184,1914. Под Люблином пойман швабский зверь,2
91,92,"Похоже, чекистам нравится делать ставки на удачу.",5111509284,Лже-чекисты похитили 10 миллионов рублей в Петербурге,1
92,93,"Сначала мы думали, что это будет какое-то невероятное событие, а потом поняли, что просто Плутон решил сделать себе татуировку.",1058389184,Станция New Horizons сняла затмение Солнца Плутоном,1
93,94,И наконец-то! Теперь можно приобрести настоящий Рождество!,1058389184,Рождественскую свечу предложили купить за пять тысяч рублей,1
94,95,"Шутка: У Гарика Сукачёва отек мозга, а у его фанатов — отек сердца!",820739126,СМИ сообщили об отеке мозга у Гарика Сукачева,2
95,96,И наконец-то! Теперь можно будет вернуть билет в плацкарте и купить себе нормальный номер!,1058389184,Для россиян потребовали вернуть билеты в плацкарт,10
96,97,И вот теперь они могут наконец-то начать строить дома из этих призрачных!,820739126,Под Москвой нашли 300 тысяч домов-призраков,2
97,98,"И снова мы видим, как мир поглощает космос!",1547173190,В сети появился новый тизер «Звездных войн»,1
98,99,"А теперь вот, когда все мы уже привыкли к тому, что наши парки чистятся только после того как их посетили туристы, а потом еще раз после того как их посетили туристы со специальными экскурсиями по экотуризму....",820739126,Нацпарк «Русская Арктика» очистят от мусора за лето,5
99,100,"Заголовок: Доходы российских женщин сравнили с зарплатами их мужейШутка: Сравнение доходов мужчин и женщин показало, что женщины зарабатывают меньше, чем мужчины. Но вот интересно, кто же тут больше зарабатывает?",1547173190,Доходы российских женщин сравнили с зарплатами их мужей,2
100,101,"Понятно, почему! Ведь кто-то решил, что детям нужны бикини, а не просто купальники. И теперь мамы в панике.",1547173190,Детские бикини вызвали панику среди покупательниц,1
101,102,"И вот, после долгих лет бездействия, они снова начали кивать на то, что им нужно.",1547173190,«Потерянные» человеком-синтолом «руки-базуки» ожили,3
102,103,"Собственно, начали применять уже давно, просто теперь их заметили.",763206897,Правозащитники сообщили о начале применения в Сирии российских самолетов,4
103,104,"И наконец-то! Теперь можно будет встречать утром морозоустойчивых роз, а вечером - их замороженных версий.",1547173190,Москву засадят морозоустойчивыми розами,6
104,105,И вот теперь он может сам заливать себе бензин в машину.,763206897,Абрамович инвестировал в американскую технологию добычи сланцевой нефти,1
105,106,"И вот теперь российские солдаты будут ходить по полю боя, как детективы из сериала Криминальное чтиво.",1547173190,Оружие россиян предложили оснастить датчиками слежения,5
106,107,Крупнейший гидросамолет КНР прошел наземное испытание. Теперь его ждет водная часть. Или нет?,1547173190,Прошел наземное испытание крупнейший гидросамолет КНР,4
107,108,"И наконец-то нашелся тот самый зверь, который всех насиловал!",1547173190,1914. Под Люблином пойман швабский зверь,1
108,109,"И снова мы видим, как мир поглощает космос!",5261575333,В сети появился новый тизер «Звездных войн»,3
109,110,"Теперь в Томской области можно сказать: Я был в Москве, а потом пришел домой.",1547173190,Томская область перешла в новый часовой пояс,1
110,111,И наконец-то нашим военным дамочки нужны!,872009006,Министр обороны Эстонии позвал в армию женщин,5
111,112,"Евросоюз решил принять Беларусь! А Лукашенко удивлен? Да, он даже не знает, как правильно сказать спасибо по-английски.",5261575333,Лукашенко узнал о готовности Евросоюза принять Белоруссию и удивился,5
112,113,Ламборгини освободила Хурракан от лишнего веса!,872009006,Lamborghini избавила Huracan от «лишней» детали,4
113,114,И вот они уже пошли за этим!,5261575333,Американские моряки посмотрели на женщин и захотели носить бороды,3
114,115,"Макгрегор назвал Нурмагомедова страшным соперником и заговорил о реванше— Сначала он мне сказал, что я не достоин драться с ним. А теперь говорит, что хочет реванша. Это как если бы кто-то сказал тебе: «Я не люблю тебя». И потом добавляет: «Но я все равно хочу тебя».",872009006,Макгрегор назвал Нурмагомедова страшным соперником и заговорил о реванше,7
115,116,"И наконец-то! Теперь можно купить за 1000 рублей то, что раньше стоило 1500!",5261575333,Курс доллара превысил 68 рублей,5
116,117,"На круглом столе обсуждались перспективы российско-чешского сотрудничества. А в реальности там только обсуждалось, как быстрее можно было сделать чешский пивной кегль из российских бочек.",5261575333,Перспективы российско-чешского сотрудничества были рассмотрены на круглом столе,7
117,118,Провальные романтические путешествия - это когда туризм переходит в экзотическую терапию.,5261575333,Туристы рассказали о провальных романтических путешествиях,8
118,119,"И наконец-то нашли то, что искала мамаша!",5261575333,На берегу Москвы-реки нашли десяток пакетов и коробки с человеческими останками,7
119,120,"И наконец-то! Теперь можно будет встречать утром морозоустойчивых роз, а вечером - их замороженных версий.",5261575333,Москву засадят морозоустойчивыми розами,6
120,121,"Ах, наконец-то! Теперь она точно заслуживает звезды в Голливуде!",5261575333,Звезда реалити-шоу обнажила грудь после родов и возмутила фанатов,3
121,122,"И наконец-то нашли то место, где древние строители оставили свой след!",5261575333,Найдено загадочное захоронение древнейшей цивилизации,1
122,123,"Иск Сечина к «Новой газете»: наконец-то кто-то начнет судить журналистов по тому же стандарту, которым они судят других!",5261575333,Сечин подал иск к «Новой газете»,4
123,124,"И вот, как только ЦСКА решил вернуть футболиста, он тут же стал стоить миллионы!",5261575333,ЦСКА бесплатно вернул проданного зимой футболиста,4
124,125,"Заголовок: Российские депутаты съездили в Азербайджан и разозлили армянШутка: Депутаты нашли единственное место, где их понимают и поддерживают",5175925068,Российские депутаты съездили в Азербайджан и разозлили армян,5
125,126,"Маска заподозрили в кумовстве. Возможно, она просто очень умно играет в баскетбол.",5261575333,Маска заподозрили в кумовстве,5
126,127,"Ага, наконец-то! Теперь она сможет заниматься главным делом - петь песни в караоке.",5175925068,Меркель откажется от поста председателя своей партии,6
127,128,"И наконец-то нашли то место, где древние строители оставили свой след!",5175925068,Найдено загадочное захоронение древнейшей цивилизации,6
128,129,"Заголовок: Названа неожиданная причина ранней смертиШутка: Теперь мы знаем, почему многие мужчины до 40 лет живут как будто в другом мире!",5175925068,Названа неожиданная причина ранней смерти,3
129,130,"Заголовок: Российские депутаты съездили в Азербайджан и разозлили армянШутка: Депутаты нашли единственное место, где их понимают и поддерживают",5261575333,Российские депутаты съездили в Азербайджан и разозлили армян,8
130,131,"И наконец-то! Теперь можно будет встречать утром морозоустойчивых роз, а вечером - их замороженных версий.",1636305700,Москву засадят морозоустойчивыми розами,1
131,132,"А теперь вот, когда все мы уже привыкли к тому, что наши парки чистятся только после того как их посетили туристы, а потом еще раз после того как их посетили туристы со специальными экскурсиями по экотуризму....",5175925068,Нацпарк «Русская Арктика» очистят от мусора за лето,3
132,133,"Макгрегор назвал Нурмагомедова страшным соперником и заговорил о реванше— Сначала он мне сказал, что я не достоин драться с ним. А теперь говорит, что хочет реванша. Это как если бы кто-то сказал тебе: «Я не люблю тебя». И потом добавляет: «Но я все равно хочу тебя».",1636305700,Макгрегор назвал Нурмагомедова страшным соперником и заговорил о реванше,10
133,134,"Заголовок: Доходы российских женщин сравнили с зарплатами их мужейШутка: Сравнение доходов мужчин и женщин показало, что женщины зарабатывают меньше, чем мужчины. Но вот интересно, кто же тут больше зарабатывает?",1024267966,Доходы российских женщин сравнили с зарплатами их мужей,1
134,135,"И вот уже второй день, а книги все еще продаются!",5175925068,В Москве за день раскупили новую книгу о Гарри Поттере,6
135,136,И наконец-то! Узбекистан решил расширить сотрудничество с российскими обувными компаниями. Теперь можно будет купить себе ботинки отечественного производства без необходимости ехать в Россию.,5175925068,Узбекистан расширит сотрудничество с российскими обувными компаниями,3
136,137,"Шутка: У Гарика Сукачёва отек мозга, а у его фанатов — отек сердца!",1636305700,СМИ сообщили об отеке мозга у Гарика Сукачева,3
137,138,"Заголовок: Названа доля живущих в бедности россиянШутка: Согласно последнему исследованию, 20% населения России живет в бедности. Остальные 80% — в богатстве.",1024267966,Названа доля живущих в бедности россиян,1
138,139,"Ледоход - это когда лед проламывается, а мост - это когда он проламывается.",5261575333,В России мост снесло во время ледохода,3
139,140,Смысл смены власти — это когда один человек снимает другое лицо со стены портрета.,5175925068,Президент Казахстана рассказал о смысле смены власти,8
140,141,Колино Фаррелл в экранизации Warcraft? Это как если бы они попросили Джона Ледженда сыграть в фильме про киберспорт.,1636305700,Колину Фарреллу предложили роль в экранизации Warcraft,4
141,142,"Шутка: У Гарика Сукачёва отек мозга, а у его фанатов — отек сердца!",5175925068,СМИ сообщили об отеке мозга у Гарика Сукачева,7
142,143,Колино Фаррелл в экранизации Warcraft? Это как если бы они попросили Джона Ледженда сыграть в фильме про киберспорт.,5261575333,Колину Фарреллу предложили роль в экранизации Warcraft,6
143,144,И вот теперь он может сам заливать себе бензин в машину.,1636305700,Абрамович инвестировал в американскую технологию добычи сланцевой нефти,9
144,145,"Макгрегор назвал Нурмагомедова страшным соперником и заговорил о реванше— Сначала он мне сказал, что я не достоин драться с ним. А теперь говорит, что хочет реванша. Это как если бы кто-то сказал тебе: «Я не люблю тебя». И потом добавляет: «Но я все равно хочу тебя».",1024267966,Макгрегор назвал Нурмагомедова страшным соперником и заговорил о реванше,4
145,146,И вот теперь они могут наконец-то начать строить дома из этих призрачных!,5175925068,Под Москвой нашли 300 тысяч домов-призраков,9
146,147,"Сергея Вихарева помнят как человека, который всегда был готов к новому началу. И вот, он начал новый танец в мире теней.",1636305700,Умер балетмейстер Мариинки Сергей Вихарев,10
147,148,"Заголовок: НПФ разрешат получать сведения о вкладчиках из ЗАГСШутка: Теперь НПФ могут узнать, кто из вкладчиков будет ими завещать.",5175925068,НПФ разрешат получать сведения о вкладчиках из ЗАГС,6
148,149,"Или же по-армянски - молитвой к Богу, а по-турецки - молитвой к Аллаху.",1636305700,Коров предложили успокаивать Кораном,10
149,150,"Заголовок: Названа неожиданная причина ранней смертиШутка: Теперь мы знаем, почему многие мужчины до 40 лет живут как будто в другом мире!",5261575333,Названа неожиданная причина ранней смерти,4
150,151,"И наконец-то! Теперь они точно знают, куда идти после смерти.",1636305700,Мормоны построят первый храм в России,8
151,152,"Заголовок: В российский научно-образовательный центр привлекут мексиканцевШутка: Теперь учёные будут изучать, как правильно готовить тортес и чилангос!",5261575333,В российский научно-образовательный центр привлекут мексиканцев,6
152,153,"Ага, наконец-то! Теперь они точно знают, какую физическую подготовку им нужно будет набрать к следующему году.",5175925068,Московские школьники начнут сдавать нормы ГТО в марте,6
153,154,МОК: Торжество обманщиков и воров,1636305700,МОК посчитал оправдание российских спортсменов «торжеством обманщиков и воров»,1
154,155,"Мать спасла детей от гибрида хищной кошки. Иначе говоря, она их от гигантской котятницы.",5175925068,Мать спасла детей от гибрида хищной кошки,9
155,156,"Заголовок: Доходы российских женщин сравнили с зарплатами их мужейШутка: Сравнение доходов мужчин и женщин показало, что женщины зарабатывают меньше, чем мужчины. Но вот интересно, кто же тут больше зарабатывает?",5175925068,Доходы российских женщин сравнили с зарплатами их мужей,6
156,157,"Похоже, чекистам нравится делать ставки на удачу.",1636305700,Лже-чекисты похитили 10 миллионов рублей в Петербурге,10
157,158,"Асус решил, наконец, сделать умные часы по доступной цене. Теперь каждый сможет носить на руке смартфон за 100 долларов.",5175925068,Asus выпустит недорогие умные часы на Android Wear осенью ,7
158,159,"Ага, наконец-то! Теперь они точно знают, какую физическую подготовку им нужно будет набрать к следующему году.",1636305700,Московские школьники начнут сдавать нормы ГТО в марте,10
159,160,"Капитан Америка: - Слушай, Баки, я понял, как ты хочешь меня поздравить!",5175925068,Преданный пес Капитана Америки зализал хозяина от радости,7
160,161,"Маска заподозрили в кумовстве. Возможно, она просто очень умно играет в баскетбол.",1636305700,Маска заподозрили в кумовстве,10
161,162,"Среди россиян популярны книги, которые можно прочитать за ночь.",5175925068,Названы самые популярные среди россиян классики,6
162,163,"Заголовок: НПФ разрешат получать сведения о вкладчиках из ЗАГСШутка: Теперь НПФ могут узнать, кто из вкладчиков будет ими завещать.",5261575333,НПФ разрешат получать сведения о вкладчиках из ЗАГС,4
163,164,"Ах, наконец-то! Теперь она точно заслуживает звезды в Голливуде!",5175925068,Звезда реалити-шоу обнажила грудь после родов и возмутила фанатов,6
164,165,И наконец-то! Сто лет назад в музее в Брюсселе хранилось 12 картин.,5175925068,Из музея в Брюсселе похитили десяток картин ,5
165,166,Провальные романтические путешествия - это когда туризм переходит в экзотическую терапию.,1636305700,Туристы рассказали о провальных романтических путешествиях,9
166,167,"Сначала мы думали, что это будет какое-то невероятное событие, а потом поняли, что просто Плутон решил сделать себе татуировку.",5261575333,Станция New Horizons сняла затмение Солнца Плутоном,4
167,168,"Ледоход - это когда лед проламывается, а мост - это когда он проламывается.",5175925068,В России мост снесло во время ледохода,6
168,169,"И вот, как только ЦСКА решил вернуть футболиста, он тут же стал стоить миллионы!",1636305700,ЦСКА бесплатно вернул проданного зимой футболиста,10
169,170,И наконец-то! Теперь можно приобрести настоящий Рождество!,5175925068,Рождественскую свечу предложили купить за пять тысяч рублей,6
170,171,"Она решила сделать себе операцию по уменьшению бедер. Но перед этим она хотела узнать у своих знакомых, как они относятся к ее фигуре.",1636305700,Американка со 150-сантиметровыми бедрами задумалась об уменьшении объемов,1
171,172,"Она решила сделать себе операцию по уменьшению бедер. Но перед этим она хотела узнать у своих знакомых, как они относятся к ее фигуре.",5261575333,Американка со 150-сантиметровыми бедрами задумалась об уменьшении объемов,2
172,173,"Ах, наконец-то! Теперь она точно заслуживает звезды в Голливуде!",1636305700,Звезда реалити-шоу обнажила грудь после родов и возмутила фанатов,5
173,174,"Капитан Америка: - Слушай, Баки, я понял, как ты хочешь меня поздравить!",1636305700,Преданный пес Капитана Америки зализал хозяина от радости,9
174,175,"И вот теперь российские солдаты будут ходить по полю боя, как детективы из сериала Криминальное чтиво.",5261575333,Оружие россиян предложили оснастить датчиками слежения,4
175,176,"И вот теперь Москва озаботилась ядерными испытаниями Северной Кореи. Вопрос: А кто был первым, кто начал беспокоиться по этому поводу?",1636305700,Москва озаботилась ядерными испытаниями Северной Кореи,4
176,177,"Среди россиян популярны книги, которые можно прочитать за ночь.",1636305700,Названы самые популярные среди россиян классики,6
177,178,"Макгрегор назвал Нурмагомедова страшным соперником и заговорил о реванше— Сначала он мне сказал, что я не достоин драться с ним. А теперь говорит, что хочет реванша. Это как если бы кто-то сказал тебе: «Я не люблю тебя». И потом добавляет: «Но я все равно хочу тебя».",5261575333,Макгрегор назвал Нурмагомедова страшным соперником и заговорил о реванше,4
178,179,"Теперь в Томской области можно сказать: Я был в Москве, а потом пришел домой.",1636305700,Томская область перешла в новый часовой пояс,10
179,180,И наконец-то нашлась способ быстро избавиться от невзгодных знакомств!,1636305700,В Греции по ошибке похоронили живую женщину,10
180,181,"Заголовок: В сети посмеялись над нелепой рекламой теста на беременностьШутка: Теперь понятно, почему в некоторых семьях родятся двое сразу.",5261575333,В сети посмеялись над нелепой рекламой теста на беременность,1
181,182,И вот уже второй боевик пытается выбиться из-под ног...,5261575333,Полиция застрелила одного из атаковавших пост ДПС боевиков и блокировала второго,2
182,183,"И вот уже второй день, а книги все еще продаются!",5261575333,В Москве за день раскупили новую книгу о Гарри Поттере,1
183,184,"Шутка: У Гарика Сукачёва отек мозга, а у его фанатов — отек сердца!",5261575333,СМИ сообщили об отеке мозга у Гарика Сукачева,2
184,185,"Понятно, почему! Ведь кто-то решил, что детям нужны бикини, а не просто купальники. И теперь мамы в панике.",5261575333,Детские бикини вызвали панику среди покупательниц,4
185,186,МОК: Торжество обманщиков и воров,5261575333,МОК посчитал оправдание российских спортсменов «торжеством обманщиков и воров»,5
186,187,"Сначала мы думали, что это будет какое-то невероятное событие, а потом поняли, что просто Плутон решил сделать себе татуировку.",1636305700,Станция New Horizons сняла затмение Солнца Плутоном,3
187,188,"Аплодисменты стали мемами, а издевательство — меморизацией.",5261575333,Издевательские аплодисменты оппонентки Трампа разлетелись на мемы,4
188,189,И наконец-то! Время пришло!,677132911,Компания HYT выпустила часы с мамонтовой костью,4
189,190,Американка засудит магазин за рваное свадебное платье. Это как если бы ты купил билет в самолет и пришёл к нему уже разорванным.,677132911,Американка засудит магазин за рваное свадебное платье ,1
190,191,"И вот уже второй день, а книги все еще продаются!",1395113504,В Москве за день раскупили новую книгу о Гарри Поттере,8
191,192,И наконец-то нашлась способ быстро избавиться от невзгодных знакомств!,1130615372,В Греции по ошибке похоронили живую женщину,1
192,193,Заголовок: Ракеты С-400 предложили поискать на дне Ла-МаншаШутка: Теперь точно найдут потерянное судно!,1395113504,Ракеты С-400 предложили поискать на дне Ла-Манша,5
193,194,"Асус решил, наконец, сделать умные часы по доступной цене. Теперь каждый сможет носить на руке смартфон за 100 долларов.",1130615372,Asus выпустит недорогие умные часы на Android Wear осенью ,2
194,195,"Или же по-армянски - молитвой к Богу, а по-турецки - молитвой к Аллаху.",5294922848,Коров предложили успокаивать Кораном,2
195,196,"Сергея Вихарева помнят как человека, который всегда был готов к новому началу. И вот, он начал новый танец в мире теней.",1395113504,Умер балетмейстер Мариинки Сергей Вихарев,8
196,197,"Давайте представим себе, как будет выглядеть российская версия японской видеоигры «Fial Fatasy». Главный герой, одетый в традиционную русскую одежду, идёт по лесу, а за ним следует его верная собака, которая постоянно лает на него из-за того, что он не купил ей майонеза.",1130615372,Культовый японский разработчик признался в любви к русскому майонезу,1
197,198,"Ах, наконец-то! Теперь она точно заслуживает звезды в Голливуде!",1395113504,Звезда реалити-шоу обнажила грудь после родов и возмутила фанатов,5
198,199,И наконец-то! Узбекистан решил расширить сотрудничество с российскими обувными компаниями. Теперь можно будет купить себе ботинки отечественного производства без необходимости ехать в Россию.,5294922848,Узбекистан расширит сотрудничество с российскими обувными компаниями,7
199,200,Колино Фаррелл в экранизации Warcraft? Это как если бы они попросили Джона Ледженда сыграть в фильме про киберспорт.,1130615372,Колину Фарреллу предложили роль в экранизации Warcraft,1
200,201,"Заголовок: В сети посмеялись над нелепой рекламой теста на беременностьШутка: Теперь понятно, почему в некоторых семьях родятся двое сразу.",1395113504,В сети посмеялись над нелепой рекламой теста на беременность,9
201,202,"Ледоход - это когда лед проламывается, а мост - это когда он проламывается.",5294922848,В России мост снесло во время ледохода,3
202,203,"Макгрегор назвал Нурмагомедова страшным соперником и заговорил о реванше— Сначала он мне сказал, что я не достоин драться с ним. А теперь говорит, что хочет реванша. Это как если бы кто-то сказал тебе: «Я не люблю тебя». И потом добавляет: «Но я все равно хочу тебя».",1395113504,Макгрегор назвал Нурмагомедова страшным соперником и заговорил о реванше,10
203,204,"Заголовок: Российские депутаты съездили в Азербайджан и разозлили армянШутка: Депутаты нашли единственное место, где их понимают и поддерживают",820739126,Российские депутаты съездили в Азербайджан и разозлили армян,1
204,205,"Давайте представим, как это будет выглядеть: FlyDubai начал отправлять по почте чеки на сумму от $100 до $200 тысячи долларов. Списочек получателей был составлен по принципу: кто больше кричал, тот больше получит.",1607916043,FlyDubai начала выплаты семьям жертв авиакатастрофы в Ростове-на-Дону,9
205,206,Колино Фаррелл в экранизации Warcraft? Это как если бы они попросили Джона Ледженда сыграть в фильме про киберспорт.,1607916043,Колину Фарреллу предложили роль в экранизации Warcraft,4
206,207,"И наконец-то! Теперь можно купить за 1000 рублей то, что раньше стоило 1500!",1594953238,Курс доллара превысил 68 рублей,1
207,208,И вот они уже пошли за этим!,1607916043,Американские моряки посмотрели на женщин и захотели носить бороды,3
208,209,"И наконец-то нашли то место, где древние строители оставили свой след!",1594953238,Найдено загадочное захоронение древнейшей цивилизации,1
209,210,И наконец-то! Теперь можно будет вернуть билет в плацкарте и купить себе нормальный номер!,1607916043,Для россиян потребовали вернуть билеты в плацкарт,6
210,211,И наконец-то! Сто лет назад в музее в Брюсселе хранилось 12 картин.,1255188664,Из музея в Брюсселе похитили десяток картин ,1
211,212,И наконец-то! Теперь можно будет отличить отечественное китайское качество.,1255188664,Минпромторг разработает маркировку «Сделано в России»,10
212,213,Провальные романтические путешествия - это когда туризм переходит в экзотическую терапию.,1255188664,Туристы рассказали о провальных романтических путешествиях,4
213,214,"Джордж Клуни подаст в суд на журнал за нелегальную съемку его детей-близнецов:— Ну что, теперь каждый может узнать, кто из них больше похож на папу!",1255188664,Джордж Клуни подаст в суд на журнал за нелегальную съемку его детей-близнецов,6
214,215,"Заголовок: Доходы российских женщин сравнили с зарплатами их мужейШутка: Сравнение доходов мужчин и женщин показало, что женщины зарабатывают меньше, чем мужчины. Но вот интересно, кто же тут больше зарабатывает?",1255188664,Доходы российских женщин сравнили с зарплатами их мужей,1
215,216,"Ага, теперь он знает, как надо заряжаться!",1255188664,"Англичанин заработал ""Мерседес"", целовав его два дня и три ночи",1
216,217,"А теперь вот, когда все мы уже привыкли к тому, что наши парки чистятся только после того как их посетили туристы, а потом еще раз после того как их посетили туристы со специальными экскурсиями по экотуризму....",1255188664,Нацпарк «Русская Арктика» очистят от мусора за лето,6
217,218,"И наконец-то! Теперь мы знаем, как выглядит тот самый катастрофический кроссворд, который все так долго искали!",1255188664,Появилось видео аварии с участием 18 гоночных машин,4
218,219,И наконец-то! Теперь можно будет вернуть билет в плацкарте и купить себе нормальный номер!,1255188664,Для россиян потребовали вернуть билеты в плацкарт,6
219,220,"Заголовок: В сети посмеялись над нелепой рекламой теста на беременностьШутка: Теперь понятно, почему в некоторых семьях родятся двое сразу.",1255188664,В сети посмеялись над нелепой рекламой теста на беременность,10
220,221,Колино Фаррелл в экранизации Warcraft? Это как если бы они попросили Джона Ледженда сыграть в фильме про киберспорт.,1255188664,Колину Фарреллу предложили роль в экранизации Warcraft,4
221,222,"Исследователи нашли способ, как не взорвать бутылку в самолете: просто не берите ее с собой!",1255188664,Найден способ избежать взрыва бутылок в багаже,8
222,223,"И вот, после долгих лет бездействия, они снова начали кивать на то, что им нужно.",1255188664,«Потерянные» человеком-синтолом «руки-базуки» ожили,10
223,224,И наконец-то! Время пришло!,1255188664,Компания HYT выпустила часы с мамонтовой костью,1
224,225,"Роскачество начнет продвижение товаров с государственным знаком качества. Скорее всего, они будут рекламировать то, что их товары не испортились еще.",1255188664,Роскачество начнет продвижение товаров с государственным знаком качества,10
225,226,И наконец-то нашлась способ быстро избавиться от невзгодных знакомств!,1255188664,В Греции по ошибке похоронили живую женщину,4
226,227,И наконец-то! Следующим шагом к полету на Марс будет... наблюдение за погодой на краю света.,1255188664,На севере Красноярья откроется центр космического мониторинга,10
227,228,Ламборгини освободила Хурракан от лишнего веса!,1255188664,Lamborghini избавила Huracan от «лишней» детали,10
228,229,"Иск Сечина к «Новой газете»: наконец-то кто-то начнет судить журналистов по тому же стандарту, которым они судят других!",1255188664,Сечин подал иск к «Новой газете»,4
229,230,"Евросоюз решил принять Беларусь! А Лукашенко удивлен? Да, он даже не знает, как правильно сказать спасибо по-английски.",1255188664,Лукашенко узнал о готовности Евросоюза принять Белоруссию и удивился,10
230,231,"Сначала мы думали, что это будет какое-то невероятное событие, а потом поняли, что просто Плутон решил сделать себе татуировку.",1255188664,Станция New Horizons сняла затмение Солнца Плутоном,8
231,232,Заголовок: Порошенко продаст заводШутка: Теперь он точно будет работать на фабрике!,1255188664,Порошенко продаст завод,1
232,233,И вот теперь они могут наконец-то начать строить дома из этих призрачных!,1255188664,Под Москвой нашли 300 тысяч домов-призраков,10
233,234,"Шутка: У Гарика Сукачёва отек мозга, а у его фанатов — отек сердца!",1255188664,СМИ сообщили об отеке мозга у Гарика Сукачева,3
234,235,МОК: Торжество обманщиков и воров,1255188664,МОК посчитал оправдание российских спортсменов «торжеством обманщиков и воров»,1
235,236,И вот теперь каждый второй москвич - тайный продавец жилья.,554474535,Тайные продажи жилья вошли в моду в Москве,5
236,237,"Заголовок: НПФ разрешат получать сведения о вкладчиках из ЗАГСШутка: Теперь НПФ могут узнать, кто из вкладчиков будет ими завещать.",1123739263,НПФ разрешат получать сведения о вкладчиках из ЗАГС,1
237,238,И вот они уже пошли за этим!,663515570,Американские моряки посмотрели на женщин и захотели носить бороды,1
238,239,"Заголовок: Названа самая популярная еда будущегоШутка: Ага, потому что в будущем все будут есть то же самое, что мы сейчас едим!",663515570,Названа самая популярная еда будущего,1
239,240,"Давайте представим себе, как будет выглядеть российская версия японской видеоигры «Fial Fatasy». Главный герой, одетый в традиционную русскую одежду, идёт по лесу, а за ним следует его верная собака, которая постоянно лает на него из-за того, что он не купил ей майонеза.",663515570,Культовый японский разработчик признался в любви к русскому майонезу,2
240,241,Крупнейший гидросамолет КНР прошел наземное испытание. Теперь его ждет водная часть. Или нет?,663515570,Прошел наземное испытание крупнейший гидросамолет КНР,5
241,242,И наконец-то! Теперь можно приобрести настоящий Рождество!,663515570,Рождественскую свечу предложили купить за пять тысяч рублей,1
242,243,"Среди россиян популярны книги, которые можно прочитать за ночь.",663515570,Названы самые популярные среди россиян классики,2
243,244,"Заголовок: Названа доля живущих в бедности россиянШутка: Согласно последнему исследованию, 20% населения России живет в бедности. Остальные 80% — в богатстве.",663515570,Названа доля живущих в бедности россиян,2
244,245,"Давайте представим, как это будет выглядеть: FlyDubai начал отправлять по почте чеки на сумму от $100 до $200 тысячи долларов. Списочек получателей был составлен по принципу: кто больше кричал, тот больше получит.",663515570,FlyDubai начала выплаты семьям жертв авиакатастрофы в Ростове-на-Дону,1
245,246,Заголовок: Порошенко продаст заводШутка: Теперь он точно будет работать на фабрике!,663515570,Порошенко продаст завод,1
246,247,И наконец-то! Узбекистан решил расширить сотрудничество с российскими обувными компаниями. Теперь можно будет купить себе ботинки отечественного производства без необходимости ехать в Россию.,663515570,Узбекистан расширит сотрудничество с российскими обувными компаниями,3
247,248,Заголовок: Появилось видео попытки самоубийства историка-расчленителя СоколоваШутка: Видео Соколова — это как фильм ужасов: каждый кадр страшнее предыдущего!,663515570,Появилось видео попытки самоубийства историка-расчленителя Соколова,5
248,249,И наконец-то нашим военным дамочки нужны!,1594953238,Министр обороны Эстонии позвал в армию женщин,3
249,250,"И наконец-то Молдавия решила защищать свой рынок от украинских товаров! Ведь кто знает, может быть, там молоко и цемент просто не соответствуют европейским стандартам?",1778762573,Молдавия ввела пошлины на молоко и цемент из Украины,1
250,251,"Лучший сейв 16-го тура АПЛ: Слышали про тот сейв, который был настолько хороший, что даже голкипер не заметил, как он его сделал?",1594953238,Назван лучший сейв 16-го тура АПЛ,1
251,252,"Она решила сделать себе операцию по уменьшению бедер. Но перед этим она хотела узнать у своих знакомых, как они относятся к ее фигуре.",1594953238,Американка со 150-сантиметровыми бедрами задумалась об уменьшении объемов,1
252,253,"Давайте представим, как это будет выглядеть: FlyDubai начал отправлять по почте чеки на сумму от $100 до $200 тысячи долларов. Списочек получателей был составлен по принципу: кто больше кричал, тот больше получит.",1594953238,FlyDubai начала выплаты семьям жертв авиакатастрофы в Ростове-на-Дону,1
253,254,"Понятно, почему! Ведь кто-то решил, что детям нужны бикини, а не просто купальники. И теперь мамы в панике.",6588614588,Детские бикини вызвали панику среди покупательниц,1
254,255,"Капитан Америка: - Слушай, Баки, я понял, как ты хочешь меня поздравить!",1187371878,Преданный пес Капитана Америки зализал хозяина от радости,3
255,256,"И наконец-то наш президент понял, как правильно начинать работу!",6588614588,В день инаугурации Трамп поест креветок с шафрановым соусом и мяса в шоколаде,3
256,257,"Похоже, чекистам нравится делать ставки на удачу.",6588614588,Лже-чекисты похитили 10 миллионов рублей в Петербурге,1
257,258,"И вот теперь Москва озаботилась ядерными испытаниями Северной Кореи. Вопрос: А кто был первым, кто начал беспокоиться по этому поводу?",6588614588,Москва озаботилась ядерными испытаниями Северной Кореи,4
258,259,И вот теперь каждый второй москвич - тайный продавец жилья.,6588614588,Тайные продажи жилья вошли в моду в Москве,1
259,260,И наконец-то! Теперь можно будет отличить отечественное китайское качество.,6588614588,Минпромторг разработает маркировку «Сделано в России»,1
260,261,"Роскачество начнет продвижение товаров с государственным знаком качества. Скорее всего, они будут рекламировать то, что их товары не испортились еще.",6588614588,Роскачество начнет продвижение товаров с государственным знаком качества,1
261,262,"Она решила сделать себе операцию по уменьшению бедер. Но перед этим она хотела узнать у своих знакомых, как они относятся к ее фигуре.",6588614588,Американка со 150-сантиметровыми бедрами задумалась об уменьшении объемов,1
262,263,"Заголовок: Названа самая популярная еда будущегоШутка: Ага, потому что в будущем все будут есть то же самое, что мы сейчас едим!",1154199869,Названа самая популярная еда будущего,1
263,264,"Теперь в Томской области можно сказать: Я был в Москве, а потом пришел домой.",1811819131,Томская область перешла в новый часовой пояс,3
264,265,"Собственно, начали применять уже давно, просто теперь их заметили.",1811819131,Правозащитники сообщили о начале применения в Сирии российских самолетов,2
265,266,"И вот, наконец-то! Теперь каждый может купить себе подарок за копейки!",1264089986,Российский интернет-магазин начал благотворительную распродажу,10
266,267,"И вот уже жители Дикого пляжа собираются там, где раньше никто не собирался.",1264089986,В Дикимде открыли «точку притяжения»,10
267,268,И вот уже второй боевик пытается выбиться из-под ног...,1607916043,Полиция застрелила одного из атаковавших пост ДПС боевиков и блокировала второго,4
268,269,"И вот, как только ЦСКА решил вернуть футболиста, он тут же стал стоить миллионы!",1377534326,ЦСКА бесплатно вернул проданного зимой футболиста,2
269,270,"Заголовок: Российский авторынок лишился пяти моделейШутка: Пять моделей исчезли, а остальные три уже готовятся к эвакуации",1377534326,Российский авторынок лишился пяти моделей,4
270,271,"Сергея Вихарева помнят как человека, который всегда был готов к новому началу. И вот, он начал новый танец в мире теней.",1377534326,Умер балетмейстер Мариинки Сергей Вихарев,1
271,272,"Джохар Царнаев: Я виноват в том, что брат мой умер от ранений.",1377534326, Джохар Царнаев возложил вину за теракт на убитого брата ,2
272,273,"И снова мы видим, как мир поглощает космос!",1377534326,В сети появился новый тизер «Звездных войн»,1
273,274,И наконец-то! Время пришло!,1377534326,Компания HYT выпустила часы с мамонтовой костью,3
274,275,"Шутка: У Гарика Сукачёва отек мозга, а у его фанатов — отек сердца!",1377534326,СМИ сообщили об отеке мозга у Гарика Сукачева,1
275,276,"Ледоход - это когда лед проламывается, а мост - это когда он проламывается.",1377534326,В России мост снесло во время ледохода,4
276,277,"Заголовок: В сети посмеялись над нелепой рекламой теста на беременностьШутка: Теперь понятно, почему в некоторых семьях родятся двое сразу.",1377534326,В сети посмеялись над нелепой рекламой теста на беременность,4
277,278,Заголовок: Ракеты С-400 предложили поискать на дне Ла-МаншаШутка: Теперь точно найдут потерянное судно!,1377534326,Ракеты С-400 предложили поискать на дне Ла-Манша,3
278,279,"Давайте представим себе, как будет выглядеть российская версия японской видеоигры «Fial Fatasy». Главный герой, одетый в традиционную русскую одежду, идёт по лесу, а за ним следует его верная собака, которая постоянно лает на него из-за того, что он не купил ей майонеза.",1377534326,Культовый японский разработчик признался в любви к русскому майонезу,4
279,280,"Макгрегор назвал Нурмагомедова страшным соперником и заговорил о реванше— Сначала он мне сказал, что я не достоин драться с ним. А теперь говорит, что хочет реванша. Это как если бы кто-то сказал тебе: «Я не люблю тебя». И потом добавляет: «Но я все равно хочу тебя».",1377534326,Макгрегор назвал Нурмагомедова страшным соперником и заговорил о реванше,4
280,281,И наконец-то нашим военным дамочки нужны!,1377534326,Министр обороны Эстонии позвал в армию женщин,1
281,282,"Заголовок: НПФ разрешат получать сведения о вкладчиках из ЗАГСШутка: Теперь НПФ могут узнать, кто из вкладчиков будет ими завещать.",1377534326,НПФ разрешат получать сведения о вкладчиках из ЗАГС,4
282,283,И наконец-то! Сто лет назад в музее в Брюсселе хранилось 12 картин.,1377534326,Из музея в Брюсселе похитили десяток картин ,4
283,284,"А теперь вот, когда все мы уже привыкли к тому, что наши парки чистятся только после того как их посетили туристы, а потом еще раз после того как их посетили туристы со специальными экскурсиями по экотуризму....",1377534326,Нацпарк «Русская Арктика» очистят от мусора за лето,1
284,285,"И вот теперь, когда все уже знают, что Сбербанк - это не только банк, а и инвестиционный фонд, который вкладывает деньги в то, что ему нравится, можно сказать, что он инвестировал в... будущее!",1377534326,Сбербанк выдал Загорскому трубному заводу кредит на миллиард рублей,2
285,286,"Депутат из Киргизии обвиняют в поддельстве диплома. Это как обвинять пингвина в том, что он не может летать!",1377534326,На киргизского депутата завели дело о подделке диплома,3
286,287,"Ага, теперь он знает, как надо заряжаться!",1377534326,"Англичанин заработал ""Мерседес"", целовав его два дня и три ночи",2
287,288,"И вот, наконец-то! Теперь каждый может купить себе подарок за копейки!",1377534326,Российский интернет-магазин начал благотворительную распродажу,2
288,289,"Теперь в Томской области можно сказать: Я был в Москве, а потом пришел домой.",1377534326,Томская область перешла в новый часовой пояс,4
289,290,"Капитан Америка: - Слушай, Баки, я понял, как ты хочешь меня поздравить!",1377534326,Преданный пес Капитана Америки зализал хозяина от радости,3
290,291,Провальные романтические путешествия - это когда туризм переходит в экзотическую терапию.,1377534326,Туристы рассказали о провальных романтических путешествиях,4
291,292,"И наконец-то! Теперь они точно знают, куда идти после смерти.",1377534326,Мормоны построят первый храм в России,4
292,293,Американка засудит магазин за рваное свадебное платье. Это как если бы ты купил билет в самолет и пришёл к нему уже разорванным.,1377534326,Американка засудит магазин за рваное свадебное платье ,3
293,294,И вот уже второй боевик пытается выбиться из-под ног...,1093021580,Полиция застрелила одного из атаковавших пост ДПС боевиков и блокировала второго,3
294,295,"Лучший сейв 16-го тура АПЛ: Слышали про тот сейв, который был настолько хороший, что даже голкипер не заметил, как он его сделал?",1093021580,Назван лучший сейв 16-го тура АПЛ,1
295,296,"Евросоюз решил принять Беларусь! А Лукашенко удивлен? Да, он даже не знает, как правильно сказать спасибо по-английски.",1093021580,Лукашенко узнал о готовности Евросоюза принять Белоруссию и удивился,7
296,297,"Или же по-армянски - молитвой к Богу, а по-турецки - молитвой к Аллаху.",866842105,Коров предложили успокаивать Кораном,2
297,298,"Слон сбежал из грузовика в лес из-за плохих дорог. И вот теперь он живет там, где дороги хуже, чем в Украине.",866842105,На Украине слон сбежал из грузовика в лес из-за плохих дорог,8
298,299,И наконец-то! Теперь можно приобрести настоящий Рождество!,866842105,Рождественскую свечу предложили купить за пять тысяч рублей,3
299,300,"Заголовок: В российский научно-образовательный центр привлекут мексиканцевШутка: Теперь учёные будут изучать, как правильно готовить тортес и чилангос!",907892636,В российский научно-образовательный центр привлекут мексиканцев,1
