{
    "1547173190": {
        "username": "unleex",
        "censorship_on": true
    },
    "1607916043": {
        "username": "dbindung",
        "censorship_on": true
    },
    "1773508087": {
        "username": "Rozdestvenskii",
        "censorship_on": true
    },
    "866842105": {
        "username": "tredage",
        "censorship_on": true
    },
    "681851423": {
        "username": "vkedaxxx",
        "censorship_on": true
    },
    "415176856": {
        "username": "VVIadimir",
        "censorship_on": true
    },
    "1338769981": {
        "username": "xxxxxx_zip",
        "censorship_on": true
    },
    "5113310763": {
        "username": "flownni",
        "censorship_on": true
    },
    "788045947": {
        "username": "edmeeh",
        "censorship_on": true
    },
    "356339423": {
        "username": "yumovl",
        "censorship_on": true
    },
    "593091819": {
        "username": "andreyyyyyyb",
        "censorship_on": true
    },
    "5615879279": {
        "username": "zilbist",
        "censorship_on": true
    },
    "767975": {
        "username": "provincyal",
        "censorship_on": true
    },
    "5507058260": {
        "username": "Era_De_Argente",
        "censorship_on": true
    },
    "637471581": {
        "username": "TheOvash",
        "censorship_on": true
    },
    "1498344523": {
        "username": "tinkwww",
        "censorship_on": true
    },
    "914312755": {
        "username": "lfdsje",
        "censorship_on": true
    },
    "1058389184": {
        "username": "phantom2059",
        "censorship_on": true
    },
    "820739126": {
        "username": "vkbbkna",
        "censorship_on": true
    },
    "5111509284": {
        "username": "omar_panda",
        "censorship_on": true
    },
    "872009006": {
        "username": "r1iiina",
        "censorship_on": true
    },
    "1361660542": {
        "username": "Dianochka57",
        "censorship_on": true
    },
    "1188534417": {
        "username": "arrtesssss",
        "censorship_on": true
    },
    "1024267966": {
        "username": "teowoor",
        "censorship_on": true
    },
    "763206897": {
        "username": "marmolisha",
        "censorship_on": true
    },
    "897740573": {
        "username": "zastrozhnova",
        "censorship_on": true
    },
    "5261575333": {
        "username": "Aputa0600",
        "censorship_on": true
    },
    "5175925068": {
        "username": "Apm_2701",
        "censorship_on": true
    },
    "596114319": {
        "username": "toujours_s",
        "censorship_on": true
    },
    "1636305700": {
        "username": "calm552",
        "censorship_on": true
    },
    "923604639": {
        "username": "Iputmollyinmywine",
        "censorship_on": true
    },
    "677132911": {
        "username": "pvlsnv",
        "censorship_on": true
    },
    "1395113504": {
        "username": null,
        "censorship_on": true
    },
    "5294922848": {
        "username": "plushki_i",
        "censorship_on": true
    },
    "1130615372": {
        "username": "idbxjdjdjxjdnxkxndjdjd",
        "censorship_on": true
    },
    "1594953238": {
        "username": "ShadowZap",
        "censorship_on": true
    },
    "1154199869": {
        "username": "Fr3nly",
        "censorship_on": true
    },
    "5190017653": {
        "username": "SmileUchiha",
        "censorship_on": true
    },
    "1255188664": {
        "username": "Lo1sXVII",
        "censorship_on": true
    },
    "1943958287": {
        "username": "angedove",
        "censorship_on": true
    },
    "549125488": {
        "username": "Dostoevsky_32",
        "censorship_on": true
    },
    "554474535": {
        "username": "nqdez",
        "censorship_on": true
    },
    "1123739263": {
        "username": "ilkhaaan",
        "censorship_on": true
    },
    "1182604045": {
        "username": "Ktsoev",
        "censorship_on": true
    },
    "663515570": {
        "username": "Aleks_strannik",
        "censorship_on": true
    },
    "1606728473": {
        "username": "podtihovd",
        "censorship_on": true
    },
    "635963215": {
        "username": "k4aau",
        "censorship_on": true
    },
    "1778762573": {
        "username": "SofyaLiubimova",
        "censorship_on": true
    },
    "1235071316": {
        "username": "krblvs",
        "censorship_on": true
    },
    "6588614588": {
        "username": "EEnergy32",
        "censorship_on": true
    },
    "1187371878": {
        "username": "alex0mir",
        "censorship_on": true
    },
    "488344736": {
        "username": "dianasuu",
        "censorship_on": true
    },
    "711065955": {
        "username": "egor1727",
        "censorship_on": true
    },
    "1328293511": {
        "username": "BettyQueen_y",
        "censorship_on": true
    },
    "2075954333": {
        "username": "kotimes",
        "censorship_on": true
    },
    "907892636": {
        "username": "vladosiktry",
        "censorship_on": true
    },
    "622056743": {
        "username": "slpkl",
        "censorship_on": true
    },
    "1811819131": {
        "username": "wwwzzzvvvfff",
        "censorship_on": true
    },
    "1264089986": {
        "username": "pwm3327",
        "censorship_on": true
    },
    "907495942": {
        "username": "xj0skllaaa",
        "censorship_on": true
    },
    "848171656": {
        "username": "michlea_tg",
        "censorship_on": true
    },
    "1017000487": {
        "username": "FeDuck113",
        "censorship_on": true
    },
    "5149723071": {
        "username": "Radsdafar08",
        "censorship_on": true
    },
    "1378252547": {
        "username": "mad_mills",
        "censorship_on": true
    },
    "1285517106": {
        "username": "ncesova",
        "censorship_on": true
    },
    "1377534326": {
        "username": "kwtzrx",
        "censorship_on": true
    },
    "1093021580": {
        "username": "karralyna",
        "censorship_on": true
    },
    "5705929700": {
        "username": "ibnfeb",
        "censorship_on": true
    },
    "1685029286": {
        "username": "DaryaSizoca",
        "censorship_on": true
    }
}